{"cameraMode":{"drawMode":0,"name":"Shaded","section":"Shading Mode"},"sceneLighting":true,"audioPlay":false,"sceneViewState":{"showFog":true,"showMaterialUpdate":false,"showSkybox":true,"showFlares":true,"showImageEffects":true,"showParticleSystems":true},"in2DMode":false,"pivot":{"x":0.03386276960372925,"y":0.46033409237861636,"z":-0.31743568181991579},"rotation":{"x":-0.038316741585731509,"y":0.9538321495056152,"z":-0.13861067593097688,"w":-0.26367178559303286},"size":1.4017298221588135,"orthographic":false}