{"cameraMode":{"drawMode":0,"name":"Shaded","section":"Shading Mode"},"sceneLighting":true,"audioPlay":false,"sceneViewState":{"showFog":true,"showMaterialUpdate":false,"showSkybox":true,"showFlares":true,"showImageEffects":true,"showParticleSystems":true},"in2DMode":false,"pivot":{"x":-3.7740020751953127,"y":-0.3118320405483246,"z":-2.615802049636841},"rotation":{"x":-0.05932750925421715,"y":0.8829699754714966,"z":-0.11616558581590653,"w":-0.45096519589424136},"size":3.569873332977295,"orthographic":false}